Action,Time,ISIN,Ticker,Name,No. of shares,Price / share,Currency (Price / share),Exchange rate,Result,Currency (Result),Total,Currency (Total),Withholding tax,Currency (Withholding tax),Notes,ID,Currency conversion from amount,Currency (Currency conversion from amount),Currency conversion to amount,Currency (Currency conversion to amount),Currency conversion fee,Currency (Currency conversion fee)
Deposit,2023-10-11 23:13:57.859,,,,,,,,,,600.00,"EUR",,,"Transaction ID: DV7PL2FPH4L29C32",a8e17138-9156-45d7-954a-10fd59b4b26f,,,,,,
Market buy,2023-10-12 08:24:13,IE00B4L5Y983,EUNL,"iShares Core MSCI World (Acc)",2.5568240000,78.22,EUR,1.00000,,"EUR",200.00,"EUR",,,,EOF4600570963,,,,,,
Market buy,2023-10-12 13:30:01,US30303M1027,META,"Meta Platforms",0.6433275000,328.17,USD,1.05718,,"EUR",200.00,"EUR",,,,EOF4600581888,,,,,0.30,"EUR"
Market buy,2023-10-12 13:30:03,US0378331005,AAPL,"Apple",1.1725398000,180.09,USD,1.05739,,"EUR",200.00,"EUR",,,,EOF4600583188,,,,,0.30,"EUR"
Deposit,2023-10-12 17:34:47.123,,,,,,,,,,400.00,"EUR",,,"Transaction ID: FF77SHR9GPTWRP52",15191107-ca78-46e3-8cf5-f3fd8744f0db,,,,,,
Market buy,2023-10-12 17:45:37,US00206R1023,T,"AT&T",5.1912060000,14.33,USD,1.05353,,"EUR",70.72,"EUR",,,,EOF4650586344,,,,,0.11,"EUR"
Market buy,2023-10-12 17:45:38,US00206R1023,T,"AT&T",9.4902940000,14.33,USD,1.05349,,"EUR",129.28,"EUR",,,,EOF4650586349,,,,,0.19,"EUR"
Market buy,2023-10-12 18:00:33,US88160R1014,TSLA,"Tesla",0.0350621000,258.41,USD,1.05353,,"EUR",8.61,"EUR",,,,EOF4650587354,,,,,0.01,"EUR"
Deposit,2023-10-12 18:00:33.563,,,,,,,,,,8.62,"EUR",,,"Free Shares Promotion",bd0479d8-34c0-4e97-871c-e406a24ee599,,,,,,
Market buy,2023-10-13 07:00:32,IE00BFMXXD54,VUAG,"Vanguard S&P 500 (Acc)",2.5766390000,67.01,GBP,0.86459,,"EUR",200.00,"EUR",,,,EOF4651850874,,,,,0.30,"EUR"
Deposit,2023-11-07 00:01:43.501,,,,,,,,,,800.00,"EUR",,,"Transaction ID: RBB22J2B8PC5Q4C2",35e20ee4-9c02-43f8-a461-fcfb56ca6fbf,,,,,,
Market buy,2023-11-07 08:00:47,IE00BFMXXD54,VUAG,"Vanguard S&P 500 (Acc)",5.2123630000,66.55,GBP,0.86850,,"EUR",400.00,"EUR",,,,EOF5751474836,,,,,0.60,"EUR"
Market buy,2023-11-07 08:04:03,IE00B4L5Y983,EUNL,"iShares Core MSCI World (Acc)",3.0620920000,76.75,EUR,1.00000,,"EUR",235.03,"EUR",,,,EOF5751475707,,,,,,
Market buy,2023-11-07 08:04:05,IE00B4L5Y983,EUNL,"iShares Core MSCI World (Acc)",2.1494910000,76.75,EUR,1.00000,,"EUR",164.98,"EUR",,,,EOF5751475721,,,,,,
Dividend (Dividend),2023-11-16 13:30:36,US0378331005,AAPL,"Apple",1.1725398000,0.20,USD,Not available,,,0.22,"EUR",0.04,USD,,,,,,,,
Deposit,2023-11-20 18:29:40.993,,,,,,,,,,200.00,"EUR",,,"Transaction ID: Z8Q9KDFLMWHNWPG2",390385fa-58f7-4fac-aff7-baf5db85b6d0,,,,,,
Market buy,2023-11-20 18:31:15,US5949181045,MSFT,"Microsoft",0.5781679000,378.60,USD,1.09490,,"EUR",200.22,"EUR",,,,EOF6351653872,,,,,0.30,"EUR"
Deposit,2023-11-30 11:45:09.989,,,,,,,,,,1000.00,"EUR",,,"Bank Transfer",27c7a634-f112-4170-9251-b39110758cbc,,,,,,
Interest on cash,2023-11-30 22:09:50.631,,,,,,,,,,0.05,"EUR",,,"Interest on cash",77313b59-aa5a-4e2d-85ec-0e891d11ab2b,,,,,,
Market buy,2023-12-01 08:01:36,IE00BFMXXD54,VUAG,"Vanguard S&P 500 (Acc)",1.9008690000,67.94,GBP,0.86228,,"EUR",149.99,"EUR",,,,EOF6801051555,,,,,0.22,"EUR"
Market buy,2023-12-01 08:04:22,IE00B4L5Y983,EUNL,"iShares Core MSCI World (Acc)",1.8898330000,79.37,EUR,1.00000,,"EUR",150.00,"EUR",,,,EOF6801052280,,,,,,
Market buy,2023-12-01 08:04:23,IE00BK5BQT80,VWCE,"Vanguard FTSE All-World (Acc)",1.5000000000,103.58,EUR,1.00000,,"EUR",155.37,"EUR",,,,EOF6801052288,,,,,,
Market buy,2023-12-01 08:04:24,IE00BK5BQT80,VWCE,"Vanguard FTSE All-World (Acc)",5.2590758000,103.56,EUR,1.00000,,"EUR",544.63,"EUR",,,,EOF6801052314,,,,,,
Deposit,2023-12-05 14:30:10.528,,,,,,,,,,300.00,"EUR",,,"Bank Transfer",e405ee78-b7f3-40ec-bb23-67cd7a81ddc3,,,,,,
Market buy,2023-12-05 15:02:02.622,US00206R1023,T,"AT&T",18.8436040000,17.23,USD,1.08365,,"EUR",300.06,"EUR",,,,EOF7001300399,,,,,0.45,"EUR"
Deposit,2023-12-28 16:00:08.99,,,,,,,,,,800.00,"EUR",,,"Bank Transfer",32137509-1986-4136-81aa-fe2cd02e0a12,,,,,,
Market buy,2023-12-28 17:50:29.807,US30303M1027,META,"Meta Platforms",1.1328406000,360.02,USD,1.10746,,"EUR",368.82,"EUR",,,,EOF7951633248,,,,,0.55,"EUR"
Market buy,2023-12-28 17:51:50.62,US30303M1027,META,"Meta Platforms",1.3234097000,360.32,USD,1.10759,,"EUR",431.18,"EUR",,,,EOF7951633329,,,,,0.65,"EUR"
Deposit,2024-01-02 00:01:23.458,,,,,,,,,,200.00,"EUR",,,"Bank Transfer",35398b9f-c474-489f-b87d-b50c395af8c2,,,,,,
Withdrawal,2024-01-02 00:13:00.46,,,,,,,,,,-200.00,"EUR",,,"Sent to card **** 8003",53465c65-60e7-48be-944b-2f4f1c232ed2,,,,,,
Deposit,2024-01-03 08:30:54.269,,,,,,,,,,215.21,"USD",,,"Bank Transfer",3d91a8a8-6254-4b1c-a3ff-5bfb08be87b9,,,,,,
Market buy,2024-01-03 19:33:58.051,US30051E1047,EVVTY,"Evolution",1.8367320000,117.17,USD,1.00000,,"USD",215.21,"USD",,,,EOF8251485482,,,,,,
Market sell,2024-01-16 15:18:27.881,US30303M1027,META,"Meta Platforms",0.2696141000,370.90,USD,1.00000,4.68,"USD",100.00,"USD",,,,EOF8901415860,,,,,,
Currency conversion,2024-01-16 15:22:04.089,,,,,,,,,,-0.14,"EUR",,,"100 USD -> 91.90 EUR",9J3FYGDH043VCECM,100.00,"USD",91.90,"EUR",-0.14,"EUR"
Withdrawal,2024-01-16 16:23:20.246,,,,,,,,,,-91.76,"EUR",,,"Sent to card **** 8003",eb0e1a71-48b1-49d7-bb7c-9377a1d04d97,,,,,,
Deposit,2024-01-29 10:45:16.737,,,,,,,,,,1000.00,"EUR",,,"Bank Transfer",a31c627f-50b5-41d7-b54f-b3769109a026,,,,,,
Interest on cash,2024-01-29 22:13:53.839,,,,,,,,,,0.04,"EUR",,,"Interest on cash",583bdc56-ae76-4d01-b6a3-0a2e0a799ecf,,,,,,
Interest on cash,2024-01-30 22:16:21.348,,,,,,,,,,0.11,"EUR",,,"Interest on cash",4e974155-58be-4682-ab7c-f68927ea1917,,,,,,
Market sell,2024-01-31 15:16:54.134,US30303M1027,META,"Meta Platforms",2.8299637000,393.49,USD,1.00000,113.06,"USD",1113.56,"USD",,,,EOF9650828347,,,,,,
Market buy,2024-01-31 16:02:09.666,US88160R1014,TSLA,"Tesla",0.5937051000,190.33,USD,1.00000,,"USD",113.00,"USD",,,,EOF9650841272,,,,,,
Market sell,2024-01-31 16:35:00.356,US30051E1047,EVVTY,"Evolution",1.8367320000,117.90,USD,1.00000,1.34,"USD",216.55,"USD",,,,EOF9650848470,,,,,,
Currency conversion,2024-01-31 16:55:58.855,,,,,,,,,,-1.68,"EUR",,,"1217.11 USD -> 1121.01 EUR",JJU3MOMBVK88797K,1217.11,"USD",1121.01,"EUR",-1.68,"EUR"
Interest on cash,2024-01-31 22:15:21.396,,,,,,,,,,0.24,"EUR",,,"Interest on cash",b3f2712b-9f4c-4709-9d46-d9a3391ca903,,,,,,
Dividend (Dividend),2024-02-01 10:32:42,US00206R1023,T,"AT&T",33.5251040000,0.24,USD,Not available,,,7.32,"EUR",1.40,USD,,,,,,,,
Interest on cash,2024-02-01 22:15:58.88,,,,,,,,,,0.24,"EUR",,,"Interest on cash",33fd8542-7d8f-4a40-9efd-41f9f11c0946,,,,,,
Interest on cash,2024-02-02 22:14:12.593,,,,,,,,,,0.24,"EUR",,,"Interest on cash",5f166671-5b64-4697-a8a2-71fd011faee2,,,,,,
Lending interest,2024-02-03 02:26:08.962,,,,,,,,,,0.01,"EUR",,,"Share lending interest",02eefa88-aa47-4eff-8f68-7adebcdf0302,,,,,,
Interest on cash,2024-02-03 22:17:10.953,,,,,,,,,,0.24,"EUR",,,"Interest on cash",d22fb7a9-94b1-4a68-a42e-972fec2d7541,,,,,,
Interest on cash,2024-02-04 22:14:26.183,,,,,,,,,,0.23,"EUR",,,"Interest on cash",4de00bac-79b5-45a4-b5c5-ea0b06a54c1a,,,,,,
Lending interest,2024-02-05 02:28:36.022,,,,,,,,,,0.02,"EUR",,,"Share lending interest",b49bd3e2-9508-41c9-bfc0-976df7914913,,,,,,
Withdrawal,2024-02-05 08:06:40.266,,,,,,,,,,-100.00,"EUR",,,"Sent to card **** 8003",21d1b957-b5d6-420e-8d62-2502cda0a381,,,,,,
Interest on cash,2024-02-05 22:14:02.591,,,,,,,,,,0.23,"EUR",,,"Interest on cash",6327b25e-0461-44c6-8b37-08cb38d8146c,,,,,,
Lending interest,2024-02-06 02:21:30.625,,,,,,,,,,0.01,"EUR",,,"Share lending interest",fe01811b-477a-4f92-9328-4f1cecf8b438,,,,,,
Interest on cash,2024-02-06 22:12:59.634,,,,,,,,,,0.23,"EUR",,,"Interest on cash",43d5d339-47ec-46a8-9b36-5c53a5c58908,,,,,,
Lending interest,2024-02-07 02:24:03.525,,,,,,,,,,0.01,"EUR",,,"Share lending interest",d7df268b-0db9-421c-9bb7-bb324eac60cd,,,,,,
Market sell,2024-02-07 09:00:05.442,US88160R1014,TSLA,"Tesla",0.6287672000,186.34,USD,1.00000,-4.90,"USD",117.16,"USD",,,,EOF9952780994,,,,,,
Market buy,2024-02-07 17:33:19.185,US00206R1023,T,"AT&T",6.7333270000,17.40,USD,1.00000,,"USD",117.16,"USD",,,,EOF10001658744,,,,,,
Interest on cash,2024-02-07 22:13:41.384,,,,,,,,,,0.23,"EUR",,,"Interest on cash",72b9b70d-d2fe-402b-aee1-103d4f2a5298,,,,,,
Lending interest,2024-02-08 02:22:44.86,,,,,,,,,,0.01,"EUR",,,"Share lending interest",733a678a-4693-43d2-b207-5f557459d3a5,,,,,,
Market buy,2024-02-08 11:50:17.101,IE00B5BMR087,SXR8,"iShares Core S&P 500 (Acc)",1.0279182000,486.42,EUR,1.00000,,"EUR",500.00,"EUR",,,,EOF10002766884,,,,,,
Market buy,2024-02-08 11:51:08.654,IE00BK5BQT80,VWCE,"Vanguard FTSE All-World (Acc)",4.4436535000,112.52,EUR,1.00000,,"EUR",500.00,"EUR",,,,EOF10002766936,,,,,,
Interest on cash,2024-02-08 22:13:09.972,,,,,,,,,,0.12,"EUR",,,"Interest on cash",9c3651e2-410a-4b2b-be37-f7515b81ff62,,,,,,
Lending interest,2024-02-09 02:25:42.786,,,,,,,,,,0.01,"EUR",,,"Share lending interest",635a355b-a187-4d89-9eb4-4425ed629c6f,,,,,,
Interest on cash,2024-02-09 22:12:52.124,,,,,,,,,,0.11,"EUR",,,"Interest on cash",24516058-319d-4585-abe1-12e92b377278,,,,,,
Withdrawal,2024-02-10 09:05:00.237,,,,,,,,,,-300.00,"EUR",,,"Sent to card **** 8003",d01d892e-0c1c-49bb-91fa-8486e4d3339e,,,,,,
Lending interest,2024-02-10 14:13:26.983,,,,,,,,,,0.01,"EUR",,,"Share lending interest",a36915ab-1ca1-46f7-82d5-7c2233115e43,,,,,,
Interest on cash,2024-02-10 22:15:16.242,,,,,,,,,,0.08,"EUR",,,"Interest on cash",ab3ba45b-f552-4045-998d-cce82b0f9e19,,,,,,
Interest on cash,2024-02-11 22:01:58.847,,,,,,,,,,0.09,"EUR",,,"Interest on cash",8aaeed5f-eb9a-4164-bc58-7ab39e088771,,,,,,
Lending interest,2024-02-12 02:34:15.203,,,,,,,,,,0.02,"EUR",,,"Share lending interest",345508f1-e1e1-4cc0-80cb-456486970839,,,,,,
Interest on cash,2024-02-12 22:02:18.621,,,,,,,,,,0.08,"EUR",,,"Interest on cash",bfe7d39f-a9db-4642-a7ab-5d096cf4792a,,,,,,
Market sell,2024-02-13 15:35:38.127,US0378331005,AAPL,"Apple",1.1725398000,185.50,USD,1.00000,6.35,"USD",217.51,"USD",,,,EOF10250923492,,,,,,
Interest on cash,2024-02-13 22:02:13.108,,,,,,,,,,0.08,"EUR",,,"Interest on cash",2ec783b1-1cdb-4e9f-a086-a45baf3b976f,,,,,,
Interest on cash,2024-02-13 22:02:13.145,,,,,,,,,,0.02,"USD",,,"Interest on cash",0424e942-415d-416e-984f-206702df29c1,,,,,,
Interest on cash,2024-02-14 22:02:02.259,,,,,,,,,,0.08,"EUR",,,"Interest on cash",9320eae8-ef02-411b-902a-437225278e9b,,,,,,
Interest on cash,2024-02-14 22:02:02.436,,,,,,,,,,0.03,"USD",,,"Interest on cash",ef5a8330-1560-4ee9-8f0f-07a205610f27,,,,,,
Dividend (Dividend),2024-02-15 12:33:50,US0378331005,AAPL,"Apple",1.1725398000,0.20,USD,Not available,,,0.22,"EUR",0.04,USD,,,,,,,,
Interest on cash,2024-02-15 22:01:59.572,,,,,,,,,,0.09,"EUR",,,"Interest on cash",6ea6aff5-d1e6-4a2c-8fa9-8f78dcdc32f2,,,,,,
Interest on cash,2024-02-15 22:01:59.606,,,,,,,,,,0.03,"USD",,,"Interest on cash",4c766d28-9fc1-4f46-9570-4da7127743f7,,,,,,
Lending interest,2024-02-16 02:34:20.615,,,,,,,,,,0.01,"EUR",,,"Share lending interest",e145019e-5007-4c6a-914f-a96bfd92e1c2,,,,,,
Interest on cash,2024-02-16 22:01:53.257,,,,,,,,,,0.08,"EUR",,,"Interest on cash",12ab9093-5a39-4e52-86f2-9c7a2964d3f3,,,,,,
Interest on cash,2024-02-16 22:01:53.29,,,,,,,,,,0.03,"USD",,,"Interest on cash",542a0d3d-5c76-4f1c-a493-8d4db7e7f735,,,,,,
Interest on cash,2024-02-17 22:01:47.944,,,,,,,,,,0.08,"EUR",,,"Interest on cash",e4e91d11-48ec-46f7-84ce-914762e62bf6,,,,,,
Interest on cash,2024-02-17 22:01:47.993,,,,,,,,,,0.03,"USD",,,"Interest on cash",15a0ac49-6942-4e4d-83f6-8a681e04d421,,,,,,
Interest on cash,2024-02-18 22:01:44.733,,,,,,,,,,0.08,"EUR",,,"Interest on cash",7db5e411-0b31-4c12-9085-edf18ba351f9,,,,,,
Interest on cash,2024-02-18 22:01:44.991,,,,,,,,,,0.03,"USD",,,"Interest on cash",228f3341-2678-49aa-8d8b-157c2151ec7d,,,,,,
Interest on cash,2024-02-19 22:01:36.358,,,,,,,,,,0.08,"EUR",,,"Interest on cash",0ed58d84-cb8a-4d51-97e8-a8ee35d26952,,,,,,
Interest on cash,2024-02-19 22:01:36.403,,,,,,,,,,0.03,"USD",,,"Interest on cash",0ee65d2d-d1a1-435f-9772-fb7161528f74,,,,,,
Lending interest,2024-02-20 02:36:06.039,,,,,,,,,,0.01,"EUR",,,"Share lending interest",b839bd7a-dcc8-48a7-837f-42468bfbd8ce,,,,,,
Interest on cash,2024-02-20 22:01:24.966,,,,,,,,,,0.09,"EUR",,,"Interest on cash",f9695fd6-c117-4642-ac59-4d64f7dbfab2,,,,,,
Interest on cash,2024-02-20 22:01:25,,,,,,,,,,0.03,"USD",,,"Interest on cash",f8578f60-dc8f-471e-a244-7d4745260db5,,,,,,
Withdrawal,2024-02-21 14:03:00.257,,,,,,,,,,-100.00,"EUR",,,"Sent to card **** 8003",e523bfeb-6275-43b0-95ac-506b3e245ff0,,,,,,
Interest on cash,2024-02-21 22:01:21.016,,,,,,,,,,0.07,"EUR",,,"Interest on cash",816055de-0980-49d1-a268-c7d71e0953b4,,,,,,
Interest on cash,2024-02-21 22:01:21.057,,,,,,,,,,0.03,"USD",,,"Interest on cash",7bd34866-05ad-4527-a2a5-e6f67a74475b,,,,,,
Interest on cash,2024-02-22 22:01:25.551,,,,,,,,,,0.07,"EUR",,,"Interest on cash",cf3a0d08-dde1-421d-8924-612fe056e3f7,,,,,,
Interest on cash,2024-02-22 22:01:25.59,,,,,,,,,,0.03,"USD",,,"Interest on cash",3777b05b-fdb5-4b2f-9a25-f6d3161a5584,,,,,,
Interest on cash,2024-02-23 22:01:25.089,,,,,,,,,,0.07,"EUR",,,"Interest on cash",8d5844fd-44d5-4879-957b-b762816c9550,,,,,,
Interest on cash,2024-02-23 22:01:25.144,,,,,,,,,,0.03,"USD",,,"Interest on cash",f9859c6a-8ec3-4b38-b7b8-c1d6a9eb733d,,,,,,
Interest on cash,2024-02-24 22:01:32.496,,,,,,,,,,0.07,"EUR",,,"Interest on cash",79f4ebab-67bf-4c0e-ac32-fe12f81350ae,,,,,,
Interest on cash,2024-02-24 22:01:32.535,,,,,,,,,,0.03,"USD",,,"Interest on cash",912ee83c-7048-43e9-abf6-0989101a0341,,,,,,
Interest on cash,2024-02-25 22:01:39.575,,,,,,,,,,0.07,"EUR",,,"Interest on cash",f7eebf88-a38d-49f9-adc8-34dcc939410b,,,,,,
Interest on cash,2024-02-25 22:01:39.622,,,,,,,,,,0.03,"USD",,,"Interest on cash",7120ab31-ed42-416b-abc5-e245f29aff90,,,,,,
Interest on cash,2024-02-26 22:01:49.619,,,,,,,,,,0.07,"EUR",,,"Interest on cash",600d3942-fdf1-4dcb-b86c-a37099c58079,,,,,,
Interest on cash,2024-02-26 22:01:49.656,,,,,,,,,,0.03,"USD",,,"Interest on cash",018c951c-66c4-4248-9b56-70e7fe17b5dc,,,,,,
Interest on cash,2024-02-27 22:01:28.798,,,,,,,,,,0.07,"EUR",,,"Interest on cash",561db587-7d87-4418-b75a-f3f4d0d608b0,,,,,,
Interest on cash,2024-02-27 22:01:28.842,,,,,,,,,,0.03,"USD",,,"Interest on cash",23c769e3-110f-4141-9bbc-742d4ae2810a,,,,,,
Interest on cash,2024-02-28 22:01:29.767,,,,,,,,,,0.07,"EUR",,,"Interest on cash",dceb0e4a-c1f3-481b-876d-8651c2b95cce,,,,,,
Interest on cash,2024-02-28 22:01:29.821,,,,,,,,,,0.03,"USD",,,"Interest on cash",1232a013-dbec-4787-9796-0e95b72cb8a4,,,,,,
Deposit,2024-02-29 20:30:22.486,,,,,,,,,,1000.00,"EUR",,,"Bank Transfer",da79df82-1619-460b-afce-60af023112db,,,,,,
Interest on cash,2024-02-29 22:01:36.028,,,,,,,,,,0.19,"EUR",,,"Interest on cash",6d6869d8-73f5-4398-8248-007a37772030,,,,,,
Interest on cash,2024-02-29 22:01:36.073,,,,,,,,,,0.03,"USD",,,"Interest on cash",ac9f4b3a-a24c-4ef0-96b7-edb5a51736b7,,,,,,
Interest on cash,2024-03-01 22:01:32.748,,,,,,,,,,0.18,"EUR",,,"Interest on cash",1b8d1c32-dee5-4c13-bc04-3828aa6ac61c,,,,,,
Interest on cash,2024-03-01 22:01:32.803,,,,,,,,,,0.03,"USD",,,"Interest on cash",0d9182f3-5701-4597-9f34-b360fdf92e46,,,,,,
Lending interest,2024-03-02 02:15:28.066,,,,,,,,,,0.01,"EUR",,,"Share lending interest",e160b945-28bc-4119-8c66-7a186dd6936e,,,,,,
Interest on cash,2024-03-02 22:01:41.295,,,,,,,,,,0.19,"EUR",,,"Interest on cash",ed124240-d017-4e6b-9e0f-6b2fab6fc82b,,,,,,
Interest on cash,2024-03-02 22:01:41.341,,,,,,,,,,0.03,"USD",,,"Interest on cash",3da97400-e3de-442f-b6a1-a24e7c2fbd31,,,,,,
Interest on cash,2024-03-03 22:01:56.444,,,,,,,,,,0.18,"EUR",,,"Interest on cash",f4c1592b-b83c-46fa-a9c3-c736fdc2c401,,,,,,
Interest on cash,2024-03-03 22:01:56.485,,,,,,,,,,0.03,"USD",,,"Interest on cash",00345a5b-a73c-41e9-a79d-9e23441eb212,,,,,,
Lending interest,2024-03-04 02:16:05.84,,,,,,,,,,0.01,"EUR",,,"Share lending interest",17d988b4-dd2b-45e6-9017-a7ac734ce839,,,,,,
Interest on cash,2024-03-04 22:01:34.68,,,,,,,,,,0.18,"EUR",,,"Interest on cash",43b97977-27b9-4485-bc17-112685e8cdd1,,,,,,
Interest on cash,2024-03-04 22:01:34.722,,,,,,,,,,0.03,"USD",,,"Interest on cash",c4057fe9-51f1-45f9-90bb-bdf8b953143d,,,,,,
Interest on cash,2024-03-05 22:01:39.667,,,,,,,,,,0.19,"EUR",,,"Interest on cash",707251eb-7ad1-4ff6-b650-8f6bcdcff6a1,,,,,,
Interest on cash,2024-03-05 22:01:39.708,,,,,,,,,,0.03,"USD",,,"Interest on cash",62a0f1e4-971f-4b8a-93e0-f79bacafd904,,,,,,
Interest on cash,2024-03-06 22:01:36.302,,,,,,,,,,0.18,"EUR",,,"Interest on cash",1d059e71-9439-402e-a1fe-06589fce265e,,,,,,
Interest on cash,2024-03-06 22:01:36.343,,,,,,,,,,0.03,"USD",,,"Interest on cash",eefcfda1-eb82-4856-9f1d-173704271b75,,,,,,
Market buy,2024-03-07 08:27:20.476,IE00B5BMR087,SXR8,"iShares Core S&P 500 (Acc)",1.0000000000,491.49,EUR,1.00000,,"EUR",491.49,"EUR",,,,EOF11302656418,,,,,,
Interest on cash,2024-03-07 22:01:45.442,,,,,,,,,,0.13,"EUR",,,"Interest on cash",cb822a38-b1b5-4cf5-b359-a751dd3d6b7d,,,,,,
Interest on cash,2024-03-07 22:01:45.483,,,,,,,,,,0.03,"USD",,,"Interest on cash",37b87f46-5ba7-440b-894a-caade6cf098e,,,,,,
Market buy,2024-03-08 19:14:55.322,US0378331005,AAPL,"Apple",1.0000000000,172.81,USD,1.00000,,"USD",172.81,"USD",,,,EOF11402597988,,,,,,
Market buy,2024-03-08 19:27:48.635,US67066G1040,NVDA,"Nvidia",0.0514664000,882.32,USD,1.00000,,"USD",45.41,"USD",,,,EOF11402599243,,,,,,
Interest on cash,2024-03-08 22:01:39.368,,,,,,,,,,0.13,"EUR",,,"Interest on cash",6c8b8d2c-fd86-40af-b52a-a9167f0ab762,,,,,,
Lending interest,2024-03-09 02:17:06.62,,,,,,,,,,0.01,"EUR",,,"Share lending interest",c93cd47a-7a13-4953-85d6-5a51ae74b7a2,,,,,,
Interest on cash,2024-03-09 22:01:48.529,,,,,,,,,,0.13,"EUR",,,"Interest on cash",33d7b4aa-9add-454f-b725-ecedee357257,,,,,,
Interest on cash,2024-03-10 22:02:19.68,,,,,,,,,,0.12,"EUR",,,"Interest on cash",05a85609-d91a-4aca-a024-16b7b500a2ff,,,,,,
Lending interest,2024-03-11 02:16:09.461,,,,,,,,,,0.02,"EUR",,,"Share lending interest",900ec80d-18f2-44ef-a9ed-dbd0aa155bf8,,,,,,
Interest on cash,2024-03-11 22:01:41.305,,,,,,,,,,0.13,"EUR",,,"Interest on cash",b946268d-5598-43fd-85a4-79596cc65d36,,,,,,
Lending interest,2024-03-12 02:15:01.948,,,,,,,,,,0.01,"EUR",,,"Share lending interest",43c80ea8-7a2e-4cc1-9d9c-a61cd294ddfb,,,,,,
Interest on cash,2024-03-12 22:01:39.996,,,,,,,,,,0.13,"EUR",,,"Interest on cash",0822abf2-4e43-4c82-8c7b-551db7526634,,,,,,
Market buy,2024-03-13 16:36:02.447,US0378331005,AAPL,"Apple",1.0000000000,171.05,USD,1.09436,,"EUR",156.53,"EUR",,,,EOF11600880854,,,,,0.23,"EUR"
Interest on cash,2024-03-13 22:02:09.426,,,,,,,,,,0.11,"EUR",,,"Interest on cash",6834fe2e-b3e8-47d5-87bf-a9c9b5ad8831,,,,,,
Dividend (Dividend),2024-03-14 10:13:59,US5949181045,MSFT,"Microsoft",0.5781679000,0.64,USD,Not available,,,0.34,"EUR",0.07,USD,,,,,,,,
Interest on cash,2024-03-14 22:02:03.022,,,,,,,,,,0.11,"EUR",,,"Interest on cash",a3b16841-5d82-4421-ae1a-0a98d0aabcfa,,,,,,
Interest on cash,2024-03-15 22:01:58.832,,,,,,,,,,0.11,"EUR",,,"Interest on cash",645169c5-7a94-4b43-bc3b-4c918542d425,,,,,,
Interest on cash,2024-03-16 22:02:26.029,,,,,,,,,,0.12,"EUR",,,"Interest on cash",74bf394f-896b-4724-8bf5-1c84c93f19b6,,,,,,
Interest on cash,2024-03-17 22:02:23.572,,,,,,,,,,0.11,"EUR",,,"Interest on cash",a4d64faa-373c-42c4-9d01-ecb92c271e69,,,,,,
Market buy,2024-03-18 13:53:02.663,US00751Y1064,AAP,"Advance Auto Parts",4.5000000000,81.52,USD,1.08893,,"EUR",337.39,"EUR",,,,EOF11801583410,,,,,0.51,"EUR"
Interest on cash,2024-03-18 22:02:17.459,,,,,,,,,,0.07,"EUR",,,"Interest on cash",0190b2f2-cb60-4b4e-b8b0-a55cd929c294,,,,,,
Interest on cash,2024-03-19 22:02:17.017,,,,,,,,,,0.07,"EUR",,,"Interest on cash",b7660dfb-2172-4ea9-8d23-176e29611e6a,,,,,,
Interest on cash,2024-03-20 22:02:05.19,,,,,,,,,,0.08,"EUR",,,"Interest on cash",8a9943e1-7cf4-4f28-8012-f6badecdf10a,,,,,,
Interest on cash,2024-03-21 22:02:16.413,,,,,,,,,,0.07,"EUR",,,"Interest on cash",1e637b5b-8811-4c16-a7a7-97ad5e96a9a4,,,,,,
Interest on cash,2024-03-22 22:02:14.653,,,,,,,,,,0.07,"EUR",,,"Interest on cash",7c7192a1-17cd-42dc-9e90-07d3f68f5d56,,,,,,
Interest on cash,2024-03-23 22:02:22.09,,,,,,,,,,0.07,"EUR",,,"Interest on cash",abd54df1-bc08-449c-add8-ac6d92bfe359,,,,,,
Interest on cash,2024-03-24 22:02:19.892,,,,,,,,,,0.08,"EUR",,,"Interest on cash",6675c7ed-c646-4860-90e2-e870af681ed2,,,,,,
Interest on cash,2024-03-25 22:02:13.231,,,,,,,,,,0.07,"EUR",,,"Interest on cash",5f769be4-5256-4b43-a7dd-da6192d42fc2,,,,,,
Withdrawal,2024-03-26 12:36:19.53,,,,,,,,,,-200.00,"EUR",,,"Sent to Bank account",73a16b5e-21ea-404d-b063-48153de87c91,,,,,,
Interest on cash,2024-03-26 22:02:15.206,,,,,,,,,,0.05,"EUR",,,"Interest on cash",f0d497ab-02ee-4106-a643-3f1473411a7c,,,,,,
Market buy,2024-03-27 17:10:47.595,US2546871060,DIS,"Walt Disney",1.0000000000,120.43,USD,1.08183,,"EUR",111.49,"EUR",,,,EOF12201643011,,,,,0.17,"EUR"
Interest on cash,2024-03-27 22:02:17.857,,,,,,,,,,0.04,"EUR",,,"Interest on cash",bdb97b7c-3f12-4a1c-90e6-c3fd39c988b9,,,,,,
Interest on cash,2024-03-28 22:02:19.303,,,,,,,,,,0.04,"EUR",,,"Interest on cash",c582f50e-c9ef-461c-a395-f5b437f3e817,,,,,,
Deposit,2024-03-29 15:15:06.441,,,,,,,,,,1000.00,"EUR",,,"Bank Transfer",b4bebae3-d76f-4917-b6bd-c871026e6272,,,,,,
Interest on cash,2024-03-29 22:02:21.737,,,,,,,,,,0.15,"EUR",,,"Interest on cash",5e751aac-3945-4aec-9e98-d8c91d0dde30,,,,,,
Interest on cash,2024-03-30 22:02:29.957,,,,,,,,,,0.15,"EUR",,,"Interest on cash",8af0e751-83ac-4821-8244-53a39a18de7f,,,,,,
Interest on cash,2024-03-31 21:02:31.714,,,,,,,,,,0.15,"EUR",,,"Interest on cash",db3b35b1-8889-4429-9c3c-424dfcfd93fd,,,,,,
Interest on cash,2024-04-01 21:02:23.653,,,,,,,,,,0.15,"EUR",,,"Interest on cash",ceea9047-e590-43db-9989-d0c1b7d99ad6,,,,,,
Market buy,2024-04-02 07:46:46.966,IE00B5BMR087,SXR8,"iShares Core S&P 500 (Acc)",1.0000000000,513.04,EUR,1.00000,,"EUR",513.04,"EUR",,,,EOF12450173427,,,,,,
Interest on cash,2024-04-02 21:02:23.677,,,,,,,,,,0.09,"EUR",,,"Interest on cash",322bd979-7599-4304-8b39-e1e528e813f2,,,,,,
Interest on cash,2024-04-03 21:02:29.497,,,,,,,,,,0.10,"EUR",,,"Interest on cash",5e06ec52-cedc-42f6-a132-f5edfa1bac7f,,,,,,
Interest on cash,2024-04-04 21:02:32.831,,,,,,,,,,0.09,"EUR",,,"Interest on cash",207ec0a5-4900-441a-bf8e-03e18af27a80,,,,,,
Market buy,2024-04-05 07:16:42.282,IE00B5BMR087,SXR8,"iShares Core S&P 500 (Acc)",0.2000000000,501.16,EUR,1.00000,,"EUR",100.23,"EUR",,,,EOF12552910492,,,,,,
Market buy,2024-04-05 08:51:18.394,IE00B5BMR087,SXR8,"iShares Core S&P 500 (Acc)",0.6000000000,501.08,EUR,1.00000,,"EUR",300.65,"EUR",,,,EOF12552921551,,,,,,
Interest on cash,2024-04-05 21:02:27.428,,,,,,,,,,0.05,"EUR",,,"Interest on cash",225d0d7f-53b3-4d74-adf3-ea5b56580772,,,,,,
Interest on cash,2024-04-06 21:02:35.387,,,,,,,,,,0.05,"EUR",,,"Interest on cash",9b03ca1b-3de4-4720-a335-35fab4169eba,,,,,,
Interest on cash,2024-04-07 21:02:36.962,,,,,,,,,,0.04,"EUR",,,"Interest on cash",179b2c72-ebed-497d-93a6-edee9de3db19,,,,,,
Interest on cash,2024-04-08 21:02:35.868,,,,,,,,,,0.05,"EUR",,,"Interest on cash",532cde96-51ca-4b83-ae08-00127e6e8009,,,,,,
Interest on cash,2024-04-09 21:02:28.163,,,,,,,,,,0.05,"EUR",,,"Interest on cash",4c7185a9-b181-496d-9a9e-e3d70e5b4eea,,,,,,
Interest on cash,2024-04-10 21:02:33.436,,,,,,,,,,0.05,"EUR",,,"Interest on cash",c96eefaa-a53c-4afe-9657-7eb4cada191c,,,,,,
Interest on cash,2024-04-11 21:02:41.219,,,,,,,,,,0.04,"EUR",,,"Interest on cash",af09bbda-8b3b-49ec-975d-70a1e2e1a86e,,,,,,
Withdrawal,2024-04-12 19:18:04.645,,,,,,,,,,-100.00,"EUR",,,"Sent to Bank Account CCCMPTPLXXX / PT50004587274034839455253",f062a089-b250-4999-8bcb-252f23d0b7c5,,,,,,
Interest on cash,2024-04-12 21:02:35.982,,,,,,,,,,0.04,"EUR",,,"Interest on cash",c4ccd4fd-bfc1-49be-aebc-e26e0dbd3cfc,,,,,,
Interest on cash,2024-04-13 21:02:39.488,,,,,,,,,,0.04,"EUR",,,"Interest on cash",1b845a8e-963d-49bb-b181-e0f06df15637,,,,,,
Interest on cash,2024-04-14 21:02:37.262,,,,,,,,,,0.03,"EUR",,,"Interest on cash",53c32776-a78e-4e87-b84d-5a004f021ae0,,,,,,
Interest on cash,2024-04-15 21:02:37.839,,,,,,,,,,0.04,"EUR",,,"Interest on cash",90654129-7721-41c3-9538-ac72f36262d6,,,,,,
Interest on cash,2024-04-16 21:02:39.171,,,,,,,,,,0.04,"EUR",,,"Interest on cash",af2e9444-0fce-4fae-98f8-bf248cacd6a7,,,,,,
Interest on cash,2024-04-17 21:02:38.504,,,,,,,,,,0.03,"EUR",,,"Interest on cash",7aa2b4d6-1aa2-459d-9cf7-3489f12beb4d,,,,,,
Market buy,2024-04-18 08:21:53.101,IE00B5BMR087,SXR8,"iShares Core S&P 500 (Acc)",0.2000000000,496.22,EUR,1.00000,,"EUR",99.24,"EUR",,,,EOF13202112856,,,,,,
Interest on cash,2024-04-18 21:02:37.054,,,,,,,,,,0.03,"EUR",,,"Interest on cash",dcc46bd8-68f8-4080-aee5-5d2d3a473532,,,,,,
Interest on cash,2024-04-19 21:02:36.808,,,,,,,,,,0.02,"EUR",,,"Interest on cash",7a436995-1fc2-4da2-9fcb-c55baaaa2d36,,,,,,
Interest on cash,2024-04-20 21:02:41.442,,,,,,,,,,0.03,"EUR",,,"Interest on cash",087ff089-63c8-454f-a7e3-c9e0bcf388f0,,,,,,
Interest on cash,2024-04-21 21:02:44.293,,,,,,,,,,0.03,"EUR",,,"Interest on cash",d49e428e-d585-4301-9826-39fc52555b89,,,,,,
Interest on cash,2024-04-22 21:02:41.897,,,,,,,,,,0.02,"EUR",,,"Interest on cash",c03e0ada-4978-4521-8da1-f9ee3be40168,,,,,,
Interest on cash,2024-04-23 21:03:43.986,,,,,,,,,,0.03,"EUR",,,"Interest on cash",217bc2db-5716-4aff-8224-220a56e3f779,,,,,,
Interest on cash,2024-04-24 21:03:44.034,,,,,,,,,,0.02,"EUR",,,"Interest on cash",3c7171aa-6fd6-454c-a11b-c7162a74e5fb,,,,,,
Withdrawal,2024-04-25 16:40:40.314,,,,,,,,,,-50.00,"EUR",,,"Sent to card **** 8003",4a6f6f5f-f06b-4e87-bbfe-caef96357a66,,,,,,
Interest on cash,2024-04-25 21:03:40.978,,,,,,,,,,0.02,"EUR",,,"Interest on cash",93bf2b4f-f71a-4d87-8729-79b73012e981,,,,,,
Dividend (Dividend),2024-04-26 11:35:07,US00751Y1064,AAP,"Advance Auto Parts",4.5000000000,0.21,USD,Not available,,,0.89,"EUR",0.17,USD,,,,,,,,
Interest on cash,2024-04-26 21:03:34.8,,,,,,,,,,0.02,"EUR",,,"Interest on cash",f1aceb55-7920-47a8-9a03-a661f7a3c689,,,,,,
Interest on cash,2024-04-27 21:03:40.281,,,,,,,,,,0.02,"EUR",,,"Interest on cash",29949304-325d-4719-a96f-ab049785783d,,,,,,
Interest on cash,2024-04-28 21:03:48.186,,,,,,,,,,0.02,"EUR",,,"Interest on cash",41638200-6d0e-4a27-94b9-5d2562769a61,,,,,,
Interest on cash,2024-04-29 21:03:45.567,,,,,,,,,,0.02,"EUR",,,"Interest on cash",9492d7d7-a1c3-433f-9f36-08f8b17f4b39,,,,,,
Market buy,2024-04-29 21:24:31.504,US5949181045,MSFT,"Microsoft",0.4714744000,401.98,USD,1.07244,,"EUR",176.99,"EUR",,,,EOF13753436671,,,,,0.27,"EUR"
Deposit,2024-04-29 21:30:33.079,,,,,,,,,,800.00,"EUR",,,"Bank Transfer",3ed796e8-3519-4861-90a9-bbaab4196927,,,,,,
Market buy,2024-04-30 07:36:51.794,US30303M1027,META,"Meta Platforms",1.0000000000,430.60,USD,1.07042,,"EUR",402.87,"EUR",,,,EOF13754508753,,,,,0.60,"EUR"
Market buy,2024-04-30 14:48:15.718,US5949181045,MSFT,"Microsoft",0.9500000000,399.37,USD,1.07033,,"EUR",355.00,"EUR",,,,EOF13800398086,,,,,0.53,"EUR"
Interest on cash,2024-04-30 21:03:42.005,,,,,,,,,,0.01,"EUR",,,"Interest on cash",24658602-6840-4cd8-95ad-8a5a17c16a59,,,,,,
Dividend (Dividend),2024-05-01 08:55:13,US00206R1023,T,"AT&T",40.2584310000,0.24,USD,Not available,,,8.91,"EUR",1.68,USD,,,,,,,,
Interest on cash,2024-05-02 21:02:37.945,,,,,,,,,,0.01,"EUR",,,"Interest on cash",bbffe4d8-fc71-498e-bec5-cfeff993d7eb,,,,,,
Interest on cash,2024-05-04 21:02:41.445,,,,,,,,,,0.01,"EUR",,,"Interest on cash",95be0a62-7072-4362-b682-6f1cb1a7d61a,,,,,,
Interest on cash,2024-05-05 21:02:41.484,,,,,,,,,,0.01,"EUR",,,"Interest on cash",f3dba1ac-68d1-4669-802c-10d41530795f,,,,,,
Interest on cash,2024-05-07 21:02:31.293,,,,,,,,,,0.01,"EUR",,,"Interest on cash",9566e77a-1920-4db1-95d4-051104aec234,,,,,,
Interest on cash,2024-05-09 21:02:37.283,,,,,,,,,,0.01,"EUR",,,"Interest on cash",3edf8c57-9fa9-41e0-9ffe-013b9eadefa1,,,,,,
Interest on cash,2024-05-11 21:02:36.658,,,,,,,,,,0.01,"EUR",,,"Interest on cash",4237417f-6d50-40f0-a7be-ea1658184018,,,,,,
Interest on cash,2024-05-12 21:02:40.456,,,,,,,,,,0.01,"EUR",,,"Interest on cash",00684770-5783-4606-898b-98a356eb3bd4,,,,,,
Interest on cash,2024-05-14 21:02:38.784,,,,,,,,,,0.01,"EUR",,,"Interest on cash",16dd3a97-63b4-4713-9663-e6b6d5ba9ed6,,,,,,
Dividend (Dividend),2024-05-16 11:08:31,US0378331005,AAPL,"Apple",2.0000000000,0.21,USD,Not available,,,0.39,"EUR",0.08,USD,,,,,,,,
Interest on cash,2024-05-16 21:02:44.799,,,,,,,,,,0.01,"EUR",,,"Interest on cash",51338e75-f481-46fd-a61e-627aee157008,,,,,,
Withdrawal,2024-05-20 03:39:45.05,,,,,,,,,,-51.53,"EUR",,,"Sent to Bank account",5a5b1bfe-47b4-464c-9276-4b6b1e2c9d07,,,,,,
Market sell,2024-05-20 13:36:41.031,US00751Y1064,AAP,"Advance Auto Parts",2.5000000000,73.66,USD,1.00000,-19.65,"USD",184.15,"USD",,,,EOF14752574153,,,,,,
Withdrawal,2024-05-20 13:37:36.738,,,,,,,,,,-150.00,"USD",,,"Sent to Bank Account CCCMPTPLXXX / PT50004587274034839455253",89e1e63b-887e-4aa8-9934-d99e522bc03c,,,,,,
Interest on cash,2024-05-21 21:02:41.199,,,,,,,,,,0.01,"USD",,,"Interest on cash",9e9f32e2-2c0d-4468-96dd-a54ef1b40567,,,,,,
Interest on cash,2024-05-23 21:02:48.58,,,,,,,,,,0.01,"USD",,,"Interest on cash",9fc58a25-7d48-4d3f-8d8a-01ee9275fe9f,,,,,,
Interest on cash,2024-05-26 21:02:49.478,,,,,,,,,,0.01,"USD",,,"Interest on cash",4b38e732-0fea-407b-8b6c-8cf86ec5584e,,,,,,
Interest on cash,2024-05-28 21:02:46.603,,,,,,,,,,0.01,"USD",,,"Interest on cash",dd907066-ec6f-4f93-a0fb-7aa8347d5971,,,,,,
Interest on cash,2024-05-30 21:02:43.068,,,,,,,,,,0.01,"USD",,,"Interest on cash",18629d05-3043-4376-825a-0dd0b93ca1ec,,,,,,
Market sell,2024-05-31 13:58:35.791,US00751Y1064,AAP,"Advance Auto Parts",2.0000000000,68.74,USD,1.00000,-25.56,"USD",137.48,"USD",,,,EOF15301121347,,,,,,
Market buy,2024-05-31 14:01:51.252,US5949181045,MSFT,"Microsoft",0.0121271000,412.29,USD,1.00000,,"USD",5.00,"USD",,,,EOF15301122304,,,,,,
Market sell,2024-05-31 15:32:23.873,US00206R1023,T,"AT&T",20.2584310000,17.90,USD,1.00000,34.42,"USD",362.63,"USD",,,,EOF15301144348,,,,,,
Market buy,2024-05-31 15:35:44.605,US5949181045,MSFT,"Microsoft",1.0000000000,407.25,USD,1.00000,,"USD",407.25,"USD",,,,EOF15301144968,,,,,,
Interest on cash,2024-05-31 21:02:49.222,,,,,,,,,,0.01,"USD",,,"Interest on cash",b71c5746-b035-4ec4-874f-21df09011a88,,,,,,
Interest on cash,2024-06-01 21:02:52.877,,,,,,,,,,0.02,"USD",,,"Interest on cash",2b78bab5-6f7f-40c2-beed-3f76573b52d7,,,,,,
Interest on cash,2024-06-02 21:02:53.541,,,,,,,,,,0.02,"USD",,,"Interest on cash",24745189-b078-43ef-932f-1f8a87098d90,,,,,,
Interest on cash,2024-06-03 21:02:46.849,,,,,,,,,,0.01,"USD",,,"Interest on cash",b055a315-673c-40af-bf86-8282c5c42f82,,,,,,
Interest on cash,2024-06-04 21:02:47.399,,,,,,,,,,0.02,"USD",,,"Interest on cash",672ddcfa-1e0f-4dfc-9bea-baea7bf738e8,,,,,,
Interest on cash,2024-06-05 21:02:46.542,,,,,,,,,,0.02,"USD",,,"Interest on cash",d578e315-eba0-45ee-8245-b1412c429976,,,,,,
Interest on cash,2024-06-06 21:02:47.386,,,,,,,,,,0.01,"USD",,,"Interest on cash",23c301ab-c836-49a6-9c77-4d4f0de525d8,,,,,,
Interest on cash,2024-06-07 21:02:51.438,,,,,,,,,,0.02,"USD",,,"Interest on cash",2e5926c0-c5d7-4a87-a230-c559d066b4e5,,,,,,
Interest on cash,2024-06-08 21:02:49.648,,,,,,,,,,0.02,"USD",,,"Interest on cash",3828df79-2dd1-4a0b-b13b-a1f97b5f502c,,,,,,
Interest on cash,2024-06-09 21:02:52.575,,,,,,,,,,0.01,"USD",,,"Interest on cash",0d51ae9a-b0c4-4022-88e2-d01fb5677f06,,,,,,
Interest on cash,2024-06-10 21:02:44.245,,,,,,,,,,0.02,"USD",,,"Interest on cash",a5e82723-44ee-40b8-9603-29c86ed3b04a,,,,,,
Interest on cash,2024-06-11 21:02:56.446,,,,,,,,,,0.02,"USD",,,"Interest on cash",6f8965a8-a11a-4b77-9a4b-b271cc8a669b,,,,,,
Market sell,2024-06-12 09:42:53.287,US0378331005,AAPL,"Apple",2.0000000000,206.05,USD,1.00000,68.24,"USD",412.10,"USD",,,,EOF15803101310,,,,,,
Market buy,2024-06-12 16:29:51.911,US67066G1040,NVDA,"Nvidia",1.5000000000,125.59,USD,1.00000,,"USD",188.39,"USD",,,,EOF15851048810,,,,,,
Market buy,2024-06-12 16:33:46.699,US67066G1040,NVDA,"Nvidia",2.0000000000,125.99,USD,1.00000,,"USD",251.98,"USD",,,,EOF15851049371,,,,,,
Market sell,2024-06-12 18:02:32.747,US00206R1023,T,"AT&T",20.0000000000,17.63,USD,1.00000,28.58,"USD",352.60,"USD",,,,EOF15852211379,,,,,,
Market buy,2024-06-12 18:04:40.435,US0378331005,AAPL,"Apple",1.0000000000,217.48,USD,1.00000,,"USD",217.48,"USD",,,,EOF15852211735,,,,,,
Interest on cash,2024-06-12 21:02:51.567,,,,,,,,,,0.03,"USD",,,"Interest on cash",bb7f4cbc-4ea1-491b-b733-e2044c511633,,,,,,
Market buy,2024-06-13 07:48:23.806,US00724F1012,ADBE,"Adobe",0.4000000000,464.99,USD,1.00000,,"USD",186.00,"USD",,,,EOF15853356595,,,,,,
Dividend (Dividend),2024-06-13 09:29:21,US5949181045,MSFT,"Microsoft",1.9996423000,0.64,USD,Not available,,,1.18,"EUR",0.22,USD,,,,,,,,
Market sell,2024-06-14 08:07:28.58,US00724F1012,ADBE,"Adobe",0.4000000000,525.00,USD,1.00000,24.00,"USD",210.00,"USD",,,,EOF15902878930,,,,,,
Market sell,2024-06-14 08:09:14.31,US2546871060,DIS,"Walt Disney",1.0000000000,99.81,USD,1.00000,-20.62,"USD",99.81,"USD",,,,EOF15902879155,,,,,,
Market buy,2024-06-14 14:15:18.498,US11135F1012,AVGO,"Broadcom",0.0291559900,1714.91,USD,1.00000,,"USD",50.00,"USD",,,,EOF15951511879,,,,,,
Interest on cash,2024-06-14 21:02:55.921,,,,,,,,,,0.05,"USD",,,"Interest on cash",27795f14-afb1-4fbc-9193-f684a234a879,,,,,,
Interest on cash,2024-06-15 21:03:00.001,,,,,,,,,,0.04,"USD",,,"Interest on cash",29d5305a-dbc4-4dc2-97cf-96bd4710c649,,,,,,
Interest on cash,2024-06-16 21:03:03.098,,,,,,,,,,0.04,"USD",,,"Interest on cash",53efe8d9-144c-4e00-994b-00670c73e925,,,,,,
Interest on cash,2024-06-17 21:03:23.202,,,,,,,,,,0.04,"USD",,,"Interest on cash",695ebe3d-c5fd-487e-b0ba-857686404864,,,,,,
Market buy,2024-06-18 11:46:53.95,US30303M1027,META,"Meta Platforms",0.5000000000,504.80,USD,1.00000,,"USD",252.40,"USD",,,,EOF16105868515,,,,,,
Market buy,2024-06-18 15:38:53.525,US11135F1012,AVGO,"Broadcom",0.0280673200,1807.08,USD,1.00000,,"USD",50.72,"USD",,,,EOF16151398926,,,,,,
Interest on cash,2024-06-18 21:03:25.773,,,,,,,,,,0.01,"EUR",,,"Interest on cash",c220919c-fb11-4907-a9ca-1ff6084dd96a,,,,,,
Market sell,2024-06-20 11:44:31.793,US0378331005,AAPL,"Apple",1.0000000000,213.63,USD,1.00000,-3.85,"USD",213.63,"USD",,,,EOF16200588601,,,,,,
Market buy,2024-06-20 11:44:50.308,US67066G1040,NVDA,"Nvidia",1.5250563000,140.08,USD,1.00000,,"USD",213.63,"USD",,,,EOF16200588635,,,,,,
Stop sell,2024-06-20 17:35:33.212,US67066G1040,NVDA,"Nvidia",5.5397203000,130.00,USD,1.00000,20.75,"USD",720.16,"USD",,,,EOF16253262142,,,,,,
Market buy,2024-06-20 17:50:37.874,US67066G1040,NVDA,"Nvidia",1.0000000000,131.39,USD,1.00000,,"USD",131.39,"USD",,,,EOF16253264168,,,,,,
Market buy,2024-06-20 19:34:35.532,IE00B4BNMY34,ACN,"Accenture",0.5000000000,307.84,USD,1.00000,,"USD",153.92,"USD",,,,EOF16253277046,,,,,,
Interest on cash,2024-06-20 21:03:11.333,,,,,,,,,,0.06,"USD",,,"Interest on cash",27b3d206-721e-43bb-83e8-0366b6e6ee9c,,,,,,
Interest on cash,2024-06-21 21:03:13.132,,,,,,,,,,0.06,"USD",,,"Interest on cash",8e6d45bf-dbda-4d29-858d-8017cfb05224,,,,,,
Interest on cash,2024-06-22 21:03:10.068,,,,,,,,,,0.06,"USD",,,"Interest on cash",2a8f6426-6260-4169-9bbb-4d1a78dcebab,,,,,,
Interest on cash,2024-06-23 21:03:12.581,,,,,,,,,,0.06,"USD",,,"Interest on cash",f170977a-17e0-4293-b4ef-526886f1055b,,,,,,
Market buy,2024-06-24 07:21:33.386,US67066G1040,NVDA,"Nvidia",1.0000000000,126.19,USD,1.00000,,"USD",126.19,"USD",,,,EOF16350544462,,,,,,
Interest on cash,2024-06-24 21:03:19.732,,,,,,,,,,0.04,"USD",,,"Interest on cash",b322fe3c-c0fe-4d4c-8bf2-9b9505768365,,,,,,
Market buy,2024-06-25 09:59:42.707,US67066G1040,NVDA,"Nvidia",0.5000000000,122.16,USD,1.00000,,"USD",61.08,"USD",,,,EOF16454296554,,,,,,
Interest on cash,2024-06-25 21:03:23.71,,,,,,,,,,0.03,"USD",,,"Interest on cash",734aaaf1-ade4-4acf-88c2-ca13833b4f44,,,,,,
Market buy,2024-06-26 08:59:00.242,US11135F1012,AVGO,"Broadcom",0.0150000000,1609.99,USD,1.00000,,"USD",24.15,"USD",,,,EOF16503039342,,,,,,
Dividend (Dividend),2024-06-26 11:33:38,US30303M1027,META,"Meta Platforms",1.0000000000,0.43,USD,Not available,,,0.40,"EUR",0.08,USD,,,,,,,,
Interest on cash,2024-06-26 21:03:27.691,,,,,,,,,,0.03,"USD",,,"Interest on cash",fb2c0497-5774-4f9a-b13e-c7a912bd70f8,,,,,,
Deposit,2024-06-27 08:00:07.295,,,,,,,,,,1000.00,"EUR",,,"Bank Transfer",83c0afd4-35ef-4293-a3d4-79b0c798c9f3,,,,,,
Market buy,2024-06-27 08:09:39.99,IE00B5BMR087,SXR8,"iShares Core S&P 500 (Acc)",1.0000000000,539.92,EUR,1.00000,,"EUR",539.92,"EUR",,,,EOF16554202268,,,,,,
Market buy,2024-06-27 08:10:06.192,IE00BK5BQT80,VWCE,"Vanguard FTSE All-World (Acc)",2.0000000000,122.88,EUR,1.00000,,"EUR",245.76,"EUR",,,,EOF16554202293,,,,,,
Interest on cash,2024-06-27 21:03:20.79,,,,,,,,,,0.02,"EUR",,,"Interest on cash",6853205f-6189-40f7-bbb1-424f6f2feb1d,,,,,,
Interest on cash,2024-06-27 21:03:20.84,,,,,,,,,,0.03,"USD",,,"Interest on cash",d63744a1-cb0a-466a-a425-022b91ad5358,,,,,,
Market buy,2024-06-28 09:18:57.147,US11135F1012,AVGO,"Broadcom",0.0150000000,1597.00,USD,1.00000,,"USD",23.96,"USD",,,,EOF16603324044,,,,,,
Market buy,2024-06-28 14:07:31.525,US6541061031,NKE,"Nike",1.0000000000,77.02,USD,1.00000,,"USD",77.02,"USD",,,,EOF16652259374,,,,,,
Market buy,2024-06-28 14:26:29.775,US6541061031,NKE,"Nike",0.5000000000,76.19,USD,1.00000,,"USD",38.10,"USD",,,,EOF16652267202,,,,,,
Market sell,2024-06-28 14:31:50.538,IE00B4BNMY34,ACN,"Accenture",0.5000000000,304.17,USD,1.00000,-1.83,"USD",152.09,"USD",,,,EOF16652269111,,,,,,
Market buy,2024-06-28 14:33:58.646,US6541061031,NKE,"Nike",0.3000000000,75.99,USD,1.00000,,"USD",22.80,"USD",,,,EOF16652270619,,,,,,
Dividend (Dividend),2024-06-28 14:41:13,US11135F1012,AVGO,"Broadcom",0.0572233100,4.46,USD,Not available,,,0.24,"EUR",0.05,USD,,,,,,,,
Market buy,2024-06-28 14:57:29.864,US6541061031,NKE,"Nike",0.2000000000,76.22,USD,1.00000,,"USD",15.24,"USD",,,,EOF16652282013,,,,,,
Market buy,2024-06-28 15:05:54.197,US6541061031,NKE,"Nike",0.2631210000,76.01,USD,1.00000,,"USD",20.00,"USD",,,,EOF16652286652,,,,,,
Market buy,2024-06-28 15:07:25.779,US6541061031,NKE,"Nike",0.2638160000,75.81,USD,1.00000,,"USD",20.00,"USD",,,,EOF16652287672,,,,,,
Market buy,2024-06-28 16:11:25.403,US6541061031,NKE,"Nike",0.2638160000,75.81,USD,1.00000,,"USD",20.00,"USD",,,,EOF16653805309,,,,,,
Market buy,2024-06-28 16:16:46.274,US6541061031,NKE,"Nike",0.2644780000,75.62,USD,1.00000,,"USD",20.00,"USD",,,,EOF16653806213,,,,,,
Market buy,2024-06-28 16:40:45.687,US6541061031,NKE,"Nike",0.2660620000,75.17,USD,1.00000,,"USD",20.00,"USD",,,,EOF16653809265,,,,,,
Market buy,2024-06-28 18:50:14.91,US6541061031,NKE,"Nike",0.4006390000,74.88,USD,1.00000,,"USD",30.00,"USD",,,,EOF16653821133,,,,,,
Interest on cash,2024-06-28 21:03:28.993,,,,,,,,,,0.02,"EUR",,,"Interest on cash",c6487095-c508-4492-9844-ec827aed68f8,,,,,,
Interest on cash,2024-06-28 21:03:29.05,,,,,,,,,,0.01,"USD",,,"Interest on cash",9c4b9664-cf1c-4a6d-8c34-c7c00787ef84,,,,,,
Interest on cash,2024-06-29 21:03:22.731,,,,,,,,,,0.03,"EUR",,,"Interest on cash",fdb21e22-ad03-440d-8489-1a96cf1cccfd,,,,,,
Interest on cash,2024-06-29 21:03:22.799,,,,,,,,,,0.01,"USD",,,"Interest on cash",c6d849f2-8131-47cd-a329-906b168d63d6,,,,,,
Interest on cash,2024-06-30 21:03:26.066,,,,,,,,,,0.02,"EUR",,,"Interest on cash",c9733660-2964-40da-9772-859ad3ce6d2a,,,,,,
Interest on cash,2024-06-30 21:03:26.192,,,,,,,,,,0.01,"USD",,,"Interest on cash",9036fcc7-a1f2-4fa0-871d-662cf6c79e8c,,,,,,
Market buy,2024-07-01 09:18:57.577,US67066G1040,NVDA,"Nvidia",0.1657267000,120.68,USD,1.00000,,"USD",20.00,"USD",,,,EOF16800027805,,,,,,
Interest on cash,2024-07-01 21:03:24.904,,,,,,,,,,0.03,"EUR",,,"Interest on cash",b7ada049-81f3-4f6a-8f83-7ef76afb2655,,,,,,
Interest on cash,2024-07-01 21:03:24.976,,,,,,,,,,0.01,"USD",,,"Interest on cash",13285f54-1293-4339-9e44-ab87f284fe96,,,,,,
Interest on cash,2024-07-02 21:03:25.351,,,,,,,,,,0.02,"EUR",,,"Interest on cash",d602088e-9ce1-4dcd-b6ec-993da22964cd,,,,,,
Interest on cash,2024-07-02 21:03:25.406,,,,,,,,,,0.01,"USD",,,"Interest on cash",60f9a13c-887b-4e4e-8b9d-7e20f26e9c2b,,,,,,
Market buy,2024-07-03 16:03:17.981,US6541061031,NKE,"Nike",0.3000000000,75.15,USD,1.00000,,"USD",22.55,"USD",,,,EOF16902465308,,,,,,
Interest on cash,2024-07-03 21:03:21.095,,,,,,,,,,0.03,"EUR",,,"Interest on cash",a7fedc69-3179-437d-8a46-2364c5b3f2e3,,,,,,
Interest on cash,2024-07-04 21:03:29.738,,,,,,,,,,0.02,"EUR",,,"Interest on cash",fd11e071-d432-44de-bad1-e72496d94805,,,,,,
Interest on cash,2024-07-05 21:03:21.643,,,,,,,,,,0.03,"EUR",,,"Interest on cash",480b7dc3-161b-4639-9f1d-775c66f3c948,,,,,,
Interest on cash,2024-07-05 21:03:21.72,,,,,,,,,,0.01,"USD",,,"Interest on cash",b136f654-4c29-438b-8724-ffc8fdd4930b,,,,,,
Interest on cash,2024-07-06 21:03:22.588,,,,,,,,,,0.02,"EUR",,,"Interest on cash",89625652-14c7-4557-8b53-2eebca7c8eb8,,,,,,
Interest on cash,2024-07-07 21:03:17.018,,,,,,,,,,0.02,"EUR",,,"Interest on cash",14739000-44b8-4c56-b3a6-26b8ae721881,,,,,,
Interest on cash,2024-07-08 21:03:27.19,,,,,,,,,,0.03,"EUR",,,"Interest on cash",952c4003-1255-478c-989b-256e3df8bfd4,,,,,,
Interest on cash,2024-07-08 21:03:27.258,,,,,,,,,,0.01,"USD",,,"Interest on cash",dd611f74-3e32-4095-af59-2f5c49fe0439,,,,,,
Market buy,2024-07-09 09:44:08.335,US67066G1040,NVDA,"Nvidia",0.2026821000,129.71,USD,1.00000,,"USD",26.29,"USD",,,,EOF17155227990,,,,,,
Interest on cash,2024-07-09 21:03:27.51,,,,,,,,,,0.02,"EUR",,,"Interest on cash",d6cfff8f-64d4-42c3-ba83-3f31179257f0,,,,,,
Interest on cash,2024-07-10 21:03:21.344,,,,,,,,,,0.03,"EUR",,,"Interest on cash",3ebcede8-027e-4476-9ff5-90c53e527570,,,,,,
Market sell,2024-07-11 07:19:30.399,US6541061031,NKE,"Nike",1.0210000000,72.54,USD,1.00000,-3.55,"USD",74.06,"USD",,,,EOF17252688402,,,,,,
Market buy,2024-07-11 07:20:37.402,US67066G1040,NVDA,"Nvidia",1.5000000000,135.51,USD,1.08350,,"EUR",187.88,"EUR",,,,EOF17252688467,,,,,0.28,"EUR"
Market buy,2024-07-11 08:50:41.741,US0378331005,AAPL,"Apple",0.3181267000,232.80,USD,1.00000,,"USD",74.06,"USD",,,,EOF17252695337,,,,,,
Market buy,2024-07-12 07:04:11.386,IE00B5BMR087,SXR8,"iShares Core S&P 500 (Acc)",0.0526672000,543.22,EUR,1.00000,,"EUR",28.61,"EUR",,,,EOF17302594832,,,,,,
Market sell,2024-07-15 09:42:18.118,US11135F1012,AVGO,"Broadcom",0.8722331000,169.47,USD,1.00000,-1.01,"USD",147.82,"USD",,,,EOF17500271519,,,,,,
Market buy,2024-07-15 09:42:45.722,US30303M1027,META,"Meta Platforms",0.2975440000,496.80,USD,1.00000,,"USD",147.82,"USD",,,,EOF17500271565,,,,,,
Market sell,2024-07-15 19:11:17.633,US6541061031,NKE,"Nike",1.3908190000,71.90,USD,1.00000,-5.72,"USD",100.00,"USD",,,,EOF17504492576,,,,,,
Market buy,2024-07-15 19:11:44.505,US30303M1027,META,"Meta Platforms",0.2013042000,496.76,USD,1.00000,,"USD",100.00,"USD",,,,EOF17504492677,,,,,,
Market sell,2024-07-15 19:14:19.964,US6541061031,NKE,"Nike",0.0139040000,71.91,USD,1.00000,-0.06,"USD",1.00,"USD",,,,EOF17504493029,,,,,,
Market buy,2024-07-15 19:14:41.762,US30303M1027,META,"Meta Platforms",0.0020124000,496.85,USD,1.00000,,"USD",1.00,"USD",,,,EOF17504493191,,,,,,
Deposit,2024-07-18 00:00:08.217,,,,,,,,,,150.00,"EUR",,,"Bank Transfer",9b2cf832-5ea2-49db-b29b-b60dac690934,,,,,,
Market buy,2024-07-18 07:30:39.79,US30303M1027,META,"Meta Platforms",0.1877078000,465.06,USD,1.09283,,"EUR",80.00,"EUR",,,,EOF17603909830,,,,,0.12,"EUR"
Market buy,2024-07-18 07:31:48.187,US67066G1040,NVDA,"Nvidia",0.4129491000,121.56,USD,1.09292,,"EUR",46.00,"EUR",,,,EOF17603909911,,,,,0.07,"EUR"
Market buy,2024-07-18 07:32:31.083,US30303M1027,META,"Meta Platforms",0.0563116000,465.06,USD,1.09299,,"EUR",24.00,"EUR",,,,EOF17603909976,,,,,0.04,"EUR"
Market sell,2024-07-18 20:28:57.359,US6541061031,NKE,"Nike",1.5962090000,72.41,USD,1.00000,-5.74,"USD",115.58,"USD",,,,EOF17652083503,,,,,,
Market buy,2024-07-18 20:29:52.835,US0378331005,AAPL,"Apple",0.1782685000,224.38,USD,1.00000,,"USD",40.00,"USD",,,,EOF17652083618,,,,,,
Market buy,2024-07-18 20:34:42.374,US30303M1027,META,"Meta Platforms",0.1587212000,476.18,USD,1.00000,,"USD",75.58,"USD",,,,EOF17652083819,,,,,,
Market sell,2024-07-25 08:58:12.588,US67066G1040,NVDA,"Nvidia",0.8819111000,113.39,USD,1.00000,-14.07,"USD",100.00,"USD",,,,EOF17954360183,,,,,,
Market buy,2024-07-25 08:58:35.44,US30303M1027,META,"Meta Platforms",0.2157588000,463.48,USD,1.00000,,"USD",100.00,"USD",,,,EOF17954360229,,,,,,
Lending interest,2024-07-26 02:30:43.151,,,,,,,,,,0.01,"EUR",,,"Share lending interest",adcbc9e3-1a1e-4bfd-8387-9d49e4629837,,,,,,
Lending interest,2024-07-27 02:30:33.122,,,,,,,,,,0.01,"EUR",,,"Share lending interest",9003692b-a826-4a50-9ad8-ee41b5e9b776,,,,,,
Lending interest,2024-07-29 02:35:00.18,,,,,,,,,,0.01,"EUR",,,"Share lending interest",1f5f0153-6f97-43e9-a99b-1b80c666ac53,,,,,,
Deposit,2024-07-29 08:30:26.559,,,,,,,,,,1000.00,"EUR",,,"Bank Transfer",3e3f43ba-d048-4404-93c5-80fdd1e6535c,,,,,,
Market buy,2024-07-29 09:01:52.029,US5949181045,MSFT,"Microsoft",0.6321174000,427.74,USD,1.08313,,"EUR",250.00,"EUR",,,,EOF18200615994,,,,,0.37,"EUR"
Market buy,2024-07-29 09:01:53.005,US30303M1027,META,"Meta Platforms",0.5765072000,469.00,USD,1.08313,,"EUR",250.00,"EUR",,,,EOF18200615997,,,,,0.37,"EUR"
Market buy,2024-07-29 09:05:34.558,US0378331005,AAPL,"Apple",0.4949375000,218.53,USD,1.08321,,"EUR",100.00,"EUR",,,,EOF18200616216,,,,,0.15,"EUR"
Market buy,2024-07-29 09:07:03.735,US67066G1040,NVDA,"Nvidia",0.9499271000,113.86,USD,1.08321,,"EUR",100.00,"EUR",,,,EOF18200616322,,,,,0.15,"EUR"
Market buy,2024-07-29 09:07:41.385,IE00B5BMR087,SXR8,"iShares Core S&P 500 (Acc)",0.5623451000,533.48,EUR,1.00000,,"EUR",300.00,"EUR",,,,EOF18200616384,,,,,,
Deposit,2024-07-30 08:45:07.214,,,,,,,,,,500.00,"EUR",,,"Bank Transfer",c8bdc23e-e648-4871-b79c-d7026a166b2d,,,,,,
Market buy,2024-07-30 10:14:28.543,IE00B5BMR087,SXR8,"iShares Core S&P 500 (Acc)",0.9379310000,533.12,EUR,1.00000,,"EUR",500.03,"EUR",,,,EOF18250002229,,,,,,
Market sell,2024-07-30 20:06:43.001,US67066G1040,NVDA,"Nvidia",4.8493739000,100.98,USD,1.00000,-122.82,"USD",489.69,"USD",,,,EOF18253001767,,,,,,
Interest on cash,2024-07-30 21:03:12.343,,,,,,,,,,0.06,"USD",,,"Interest on cash",4b708959-66ae-488e-a46e-21705adb29f3,,,,,,
Market buy,2024-07-30 22:35:02.347,US67066G1040,NVDA,"Nvidia",1.8411111000,108.63,USD,1.00000,,"USD",200.00,"USD",,,,EOF18253008892,,,,,,
Interest on cash,2024-07-31 21:03:15.947,,,,,,,,,,0.04,"USD",,,"Interest on cash",38fa53ac-977c-43ab-8331-2a157bb9cf6d,,,,,,
Market buy,2024-08-01 18:47:45.761,US67066G1040,NVDA,"Nvidia",0.4657218000,107.36,USD,1.00000,,"USD",50.00,"USD",,,,EOF18354134791,,,,,,
Market buy,2024-08-01 20:38:35.301,US0378331005,AAPL,"Apple",0.2265924000,220.66,USD,1.00000,,"USD",50.00,"USD",,,,EOF18354149915,,,,,,
Interest on cash,2024-08-02 02:13:09.548,,,,,,,,,,0.03,"USD",,,"Interest on cash",d1d82e1a-d6be-42be-9b4c-389f39d1d3e0,,,,,,
Market buy,2024-08-02 13:07:32.127,US67066G1040,NVDA,"Nvidia",0.4822056000,103.69,USD,1.00000,,"USD",50.00,"USD",,,,EOF18400536313,,,,,,
Interest on cash,2024-08-03 01:04:07.012,,,,,,,,,,0.02,"USD",,,"Interest on cash",a164d180-ef28-41ec-a8d3-2bf496a7c619,,,,,,
Interest on cash,2024-08-04 01:04:04.585,,,,,,,,,,0.02,"USD",,,"Interest on cash",35d56b47-c080-4a8e-940e-2ac306f6e4a2,,,,,,
Interest on cash,2024-08-05 01:04:07.959,,,,,,,,,,0.02,"USD",,,"Interest on cash",ad309117-33ba-4313-a91b-45bcffe8ace8,,,,,,
Market buy,2024-08-05 08:39:54.902,US67066G1040,NVDA,"Nvidia",1.0000000000,100.00,USD,1.00000,,"USD",100.00,"USD",,,,EOF18550561600,,,,,,
Deposit,2024-08-05 09:16:06.83,,,,,,,,,,2000.00,"EUR",,,"Bank Transfer",208a9840-8bb5-4ddf-96f1-746cc4763dc2,,,,,,
Market buy,2024-08-05 09:20:25.146,US67066G1040,NVDA,"Nvidia",1.0000000000,97.24,USD,1.09578,,"EUR",88.87,"EUR",,,,EOF18550570504,,,,,0.13,"EUR"
Market buy,2024-08-05 09:24:05.75,IE00B5BMR087,SXR8,"iShares Core S&P 500 (Acc)",0.5000000000,502.00,EUR,1.00000,,"EUR",251.00,"EUR",,,,EOF18550571304,,,,,,
Market buy,2024-08-05 19:50:10.403,US67066G1040,NVDA,"Nvidia",0.3400000000,98.87,USD,1.00000,,"USD",33.62,"USD",,,,EOF18557276927,,,,,,
Interest on cash,2024-08-06 01:04:00.702,,,,,,,,,,0.19,"EUR",,,"Interest on cash",a8242a1a-fe07-4a5d-8512-2c9955bb7bce,,,,,,
Lending interest,2024-08-06 02:29:54.515,,,,,,,,,,0.02,"EUR",,,"Share lending interest",e30cc5b2-9cfe-46ea-af13-641a7063dc1f,,,,,,